{"x": 0.41708542713567837, "y": 0.7702400893355668}